{
  "accuracy": 0.9931972789115646,
  "precision": 0.8,
  "recall": 0.8,
  "f1_score": 0.8,
  "auc_roc": 0.9979238754325259,
  "cross_val_f1": 0.7067099567099566
}